Workbook

Sheet WBS
A1: WBS - Port Loop Agentic GitHub Actions ke Repo HDL ac-sm_IaC
A2: Periode kerja Triwulan III 2026 | Repo hargithub/ac-sm_IaC | WIB (UTC+07:00) | Realisasi per 5 September 2026 pukul 19:00 || Kolom Rencana = distribusi jadwal 3 bulan; kolom Aktual = tanggal yang benar-benar tercatat
A4: WBS | B4: Paket | C4: Nama Tugas | D4: Penanggung Jawab | E4: Status | F4: Rencana Mulai | G4: Rencana Selesai | H4: Durasi Rencana (hari kerja) | I4: Aktual Mulai | J4: Aktual Selesai | K4: Bulan (rencana) | L4: Bobot (%) | M4: Realisasi (%) | N4: Nilai Tertimbang (%) | O4: Jenis Waktu | P4: Keterangan / Bukti
A5: 0.1 | B5: 0 Prasyarat | C5: Konfigurasi LLM Quality Gate (QG_*) di LPMS-3 | D5: Hariyadi | E5: Selesai | F5: 46204 | G5: 46204 | H5: =NETWORKDAYS(F5,G5) -> 1 | I5: 46204 | J5: 46204 | K5: =IF(G5="","",CHOOSE(MONTH(G5),"Jan","Feb","Mar","Apr","Mei","Jun","Jul","Agu","Sep","Okt","Nov","Des")&" "&YEAR(G5)) -> Jul 2026 | L5: 0.019230769 | M5: 1 | N5: =L5*M5 -> 0.019230769 | O5: Aktual | P5: 4 secret QG dibuat 2026-06-30 22:08-22:50 UTC = 1 Jul 05:08-05:50 WIB
A6: 0.2 | B6: 0 Prasyarat | C6: Pembuatan workflow ocr-review.yml di LPMS-3 | D6: Hariyadi | E6: Selesai | F6: 46204 | G6: 46205 | H6: =NETWORKDAYS(F6,G6) -> 2 | I6: 46204 | J6: 46204 | K6: =IF(G6="","",CHOOSE(MONTH(G6),"Jan","Feb","Mar","Apr","Mei","Jun","Jul","Agu","Sep","Okt","Nov","Des")&" "&YEAR(G6)) -> Jul 2026 | L6: 0.019230769 | M6: 1 | N6: =L6*M6 -> 0.019230769 | O6: Aktual | P6: Commit pertama 2026-06-30 22:21 UTC = 1 Jul 05:21 WIB
A7: 0.3 | B7: 0 Prasyarat | C7: Registrasi GitHub App OpenCodeReview + 3 secret | D7: Hariyadi | E7: Selesai | F7: 46204 | G7: 46206 | H7: =NETWORKDAYS(F7,G7) -> 3 | I7: 46204 | J7: 46204 | K7: =IF(G7="","",CHOOSE(MONTH(G7),"Jan","Feb","Mar","Apr","Mei","Jun","Jul","Agu","Sep","Okt","Nov","Des")&" "&YEAR(G7)) -> Jul 2026 | L7: 0.019230769 | M7: 1 | N7: =L7*M7 -> 0.019230769 | O7: Aktual | P7: OCR_GITHUB_APP_* dibuat 2026-07-01 06:45-06:46 UTC = 13:45 WIB
A8: 0.4 | B8: 0 Prasyarat | C8: Pembuatan workflow ocr-rebuttal.yml (dialog ber-thread) | D8: Hariyadi | E8: Selesai | F8: 46223 | G8: 46224 | H8: =NETWORKDAYS(F8,G8) -> 2 | I8: 46224 | J8: 46224 | K8: =IF(G8="","",CHOOSE(MONTH(G8),"Jan","Feb","Mar","Apr","Mei","Jun","Jul","Agu","Sep","Okt","Nov","Des")&" "&YEAR(G8)) -> Jul 2026 | L8: 0.019230769 | M8: 1 | N8: =L8*M8 -> 0.019230769 | O8: Aktual | P8: Commit pertama 2026-07-21 08:11 UTC = 21 Jul 15:11 WIB
A9: 1.1 | B9: 1 Analisis | C9: Audit 12 workflow LPMS-3 di branch main | D9: Agent | E9: Selesai | F9: 46209 | G9: 46212 | H9: =NETWORKDAYS(F9,G9) -> 4 | I9: 46252 | J9: 46252 | K9: =IF(G9="","",CHOOSE(MONTH(G9),"Jan","Feb","Mar","Apr","Mei","Jun","Jul","Agu","Sep","Okt","Nov","Des")&" "&YEAR(G9)) -> Jul 2026 | L9: 0.019230769 | M9: 1 | N9: =L9*M9 -> 0.019230769 | O9: Aktual | P9: 12 berkas diunduh 13:23:30-36 WIB; 6 detik
A10: 1.2 | B10: 1 Analisis | C10: Deteksi checkout lokal basi (branch zai) | D10: Agent | E10: Selesai | F10: 46213 | G10: 46213 | H10: =NETWORKDAYS(F10,G10) -> 1 | I10: 46252 | J10: 46252 | K10: =IF(G10="","",CHOOSE(MONTH(G10),"Jan","Feb","Mar","Apr","Mei","Jun","Jul","Agu","Sep","Okt","Nov","Des")&" "&YEAR(G10)) -> Jul 2026 | L10: 0.019230769 | M10: 1 | N10: =L10*M10 -> 0.019230769 | O10: Aktual | P10: Hanya 5 workflow, secret lama GLM/MINIMAX; sumber dialihkan ke remote main
A11: 1.3 | B11: 1 Analisis | C11: Penetapan stack target HDL | D11: Agent | E11: Selesai | F11: 46216 | G11: 46217 | H11: =NETWORKDAYS(F11,G11) -> 2 | I11: 46252 | J11: 46252 | K11: =IF(G11="","",CHOOSE(MONTH(G11),"Jan","Feb","Mar","Apr","Mei","Jun","Jul","Agu","Sep","Okt","Nov","Des")&" "&YEAR(G11)) -> Jul 2026 | L11: 0.019230769 | M11: 1 | N11: =L11*M11 -> 0.019230769 | O11: Aktual | P11: Nama repo 'IaC' menyesatkan; isi VHDL/Verilog/SystemVerilog
A12: 1.4 | B12: 1 Analisis | C12: Keputusan cakupan 5 dari 12 workflow | D12: Hariyadi | E12: Selesai | F12: 46218 | G12: 46220 | H12: =NETWORKDAYS(F12,G12) -> 3 | I12: 46252 | J12: 46252 | K12: =IF(G12="","",CHOOSE(MONTH(G12),"Jan","Feb","Mar","Apr","Mei","Jun","Jul","Agu","Sep","Okt","Nov","Des")&" "&YEAR(G12)) -> Jul 2026 | L12: 0.019230769 | M12: 1 | N12: =L12*M12 -> 0.019230769 | O12: Aktual | P12: Loop agentic saja; CI, deploy, publish-image, migration-smoke ditunda
A13: 2.1 | B13: 2 Adaptasi | C13: agent-trigger.yml - 505 baris | D13: Agent | E13: Selesai | F13: 46223 | G13: 46225 | H13: =NETWORKDAYS(F13,G13) -> 3 | I13: 46252 | J13: 46252 | K13: =IF(G13="","",CHOOSE(MONTH(G13),"Jan","Feb","Mar","Apr","Mei","Jun","Jul","Agu","Sep","Okt","Nov","Des")&" "&YEAR(G13)) -> Jul 2026 | L13: 0.019230769 | M13: 1 | N13: =L13*M13 -> 0.019230769 | O13: Aktual | P13: Selesai 13:33:39. Setup .NET diganti Verilator/Icarus/GHDL; 11 aturan RTL
A14: 2.2 | B14: 2 Adaptasi | C14: agent-fix.yml - 303 baris | D14: Agent | E14: Selesai | F14: 46226 | G14: 46227 | H14: =NETWORKDAYS(F14,G14) -> 2 | I14: 46252 | J14: 46252 | K14: =IF(G14="","",CHOOSE(MONTH(G14),"Jan","Feb","Mar","Apr","Mei","Jun","Jul","Agu","Sep","Okt","Nov","Des")&" "&YEAR(G14)) -> Jul 2026 | L14: 0.019230769 | M14: 1 | N14: =L14*M14 -> 0.019230769 | O14: Aktual | P14: Selesai 13:34:56 (+1 mnt 17 dtk). Loop-breaker 3x dan traceability dipertahankan
A15: 2.3 | B15: 2 Adaptasi | C15: ac-verify.yml - 521 baris | D15: Agent | E15: Selesai | F15: 46230 | G15: 46232 | H15: =NETWORKDAYS(F15,G15) -> 3 | I15: 46252 | J15: 46252 | K15: =IF(G15="","",CHOOSE(MONTH(G15),"Jan","Feb","Mar","Apr","Mei","Jun","Jul","Agu","Sep","Okt","Nov","Des")&" "&YEAR(G15)) -> Jul 2026 | L15: 0.019230769 | M15: 1 | N15: =L15*M15 -> 0.019230769 | O15: Aktual | P15: Selesai 13:36:49 (+1 mnt 53 dtk). 8 pola celah hardware menggantikan pola .NET/EF Core
A16: 2.8 | B16: 2 Adaptasi | C16: Perbaikan sumber: poll ci-cd.yml dibuat fail-safe | D16: Agent | E16: Selesai | F16: 46232 | G16: 46232 | H16: =NETWORKDAYS(F16,G16) -> 1 | I16: 46252 | J16: 46252 | K16: =IF(G16="","",CHOOSE(MONTH(G16),"Jan","Feb","Mar","Apr","Mei","Jun","Jul","Agu","Sep","Okt","Nov","Des")&" "&YEAR(G16)) -> Jul 2026 | L16: 0.019230769 | M16: 1 | N16: =L16*M16 -> 0.019230769 | O16: Aktual | P16: Dikerjakan di dalam 2.3. Tanpa '|| echo 0' gate menggantung sampai timeout, AC tak pernah diverifikasi
... A40: 7.5 | B40: 7 Uji Loop | C40: ac-verify dan auto-loop | D40: Agent | E40: Selesai | F40: 46281 | G40: 46281 | H40: =NETWORKDAYS(F40,G40) -> 1 | I40: 46270 | J40: 46270 | K40: =IF(G40="","",CHOOSE(MONTH(G40),"Jan","Feb","Mar","Apr","Mei","Jun","Jul","Agu","Sep","Okt","Nov","Des")&" "&YEAR(G40)) -> Sep 2026 | L40: 0.019230769 | M40: 1 | N40: =L40*M40 -> 0.019230769 | O40: Aktual | P40: Laporan terbit. Dengan thinker-model: 10 MET, 1 PARTIAL, 0 CANNOT VERIFY. Auto-trigger terbukti menyambung setelah token diganti ke GH_PAT
A41: 7.6 | B41: 7 Uji Loop | C41: ocr-rebuttal | D41: Agent | E41: Belum teruji | F41: 46282 | G41: 46282 | H41: =NETWORKDAYS(F41,G41) -> 1 | K41: =IF(G41="","",CHOOSE(MONTH(G41),"Jan","Feb","Mar","Apr","Mei","Jun","Jul","Agu","Sep","Okt","Nov","Des")&" "&YEAR(G41)) -> Sep 2026 | L41: 0.019230769 | M41: 0 | N41: =L41*M41 -> 0 | O41: Estimasi | P41: 20 run: 17 skipped, 3 cancelled, 0 sukses. Hanya menyala bila agent-fix membantah dengan penanda Rebuttal, sedangkan kelima temuan dilabeli Fixed
A42: 7.7 | B42: 7 Uji Loop | C42: Loop-breaker sampai label needs-human | D42: Agent | E42: Selesai | F42: 46282 | G42: 46283 | H42: =NETWORKDAYS(F42,G42) -> 2 | I42: 46270 | J42: 46270 | K42: =IF(G42="","",CHOOSE(MONTH(G42),"Jan","Feb","Mar","Apr","Mei","Jun","Jul","Agu","Sep","Okt","Nov","Des")&" "&YEAR(G42)) -> Sep 2026 | L42: 0.019230769 | M42: 1 | N42: =L42*M42 -> 0.019230769 | O42: Aktual | P42: Cap 3 putaran tercapai pada run 11:17:20. Eskalasinya sempat gagal karena gh tanpa --repo, sudah diperbaiki di 9.9
A43: 8.1 | B43: 8 Perluasan | C43: Workflow CI bernama 'CI/CD Pipeline' | D43: Hariyadi | E43: Opsional | F43: 46286 | G43: 46288 | H43: =NETWORKDAYS(F43,G43) -> 3 | K43: =IF(G43="","",CHOOSE(MONTH(G43),"Jan","Feb","Mar","Apr","Mei","Jun","Jul","Agu","Sep","Okt","Nov","Des")&" "&YEAR(G43)) -> Sep 2026 | L43: 0.019230769 | M43: 0 | N43: =L43*M43 -> 0 | O43: Estimasi | P43: Lint Verilator, elaborate GHDL, jalankan testbench; mengaktifkan trigger workflow_run dorman
A44: 8.2 | B44: 8 Perluasan | C44: dependency-review | D44: Hariyadi | E44: Opsional | F44: 46289 | G44: 46289 | H44: =NETWORKDAYS(F44,G44) -> 1 | K44: =IF(G44="","",CHOOSE(MONTH(G44),"Jan","Feb","Mar","Apr","Mei","Jun","Jul","Agu","Sep","Okt","Nov","Des")&" "&YEAR(G44)) -> Sep 2026 | L44: 0.019230769 | M44: 0 | N44: =L44*M44 -> 0 | O44: Estimasi | P44: Relevan bila memakai dependensi pihak ketiga seperti core FuseSoC
A45: 8.3 | B45: 8 Perluasan | C45: Runner self-hosted untuk simulasi berat | D45: Hariyadi | E45: Opsional | F45: 46289 | G45: 46290 | H45: =NETWORKDAYS(F45,G45) -> 2 | K45: =IF(G45="","",CHOOSE(MONTH(G45),"Jan","Feb","Mar","Apr","Mei","Jun","Jul","Agu","Sep","Okt","Nov","Des")&" "&YEAR(G45)) -> Sep 2026 | L45: 0.019230769 | M45: 0 | N45: =L45*M45 -> 0 | O45: Estimasi | P45: lpms-vm-runner terdaftar hanya ke LPMS-3; salah pasang membuat job menggantung di antrean
A46: 8.4 | B46: 8 Perluasan | C46: Branch protection pada main | D46: Hariyadi | E46: Opsional | F46: 46290 | G46: 46290 | H46: =NETWORKDAYS(F46,G46) -> 1 | K46: =IF(G46="","",CHOOSE(MONTH(G46),"Jan","Feb","Mar","Apr","Mei","Jun","Jul","Agu","Sep","Okt","Nov","Des")&" "&YEAR(G46)) -> Sep 2026 | L46: 0.019230769 | M46: 0 | N46: =L46*M46 -> 0 | O46: Estimasi | P46: Gate ac-verify sudah menangani status BLOCKED
A47: 9.1 | B47: 9 Pengerasan | C47: Pisahkan tahap rencana ke agent-plan.yml | D47: Agent | E47: Selesai | F47: 46270 | G47: 46270 | H47: =NETWORKDAYS(F47,G47) -> 0 | I47: 46270 | J47: 46270 | K47: =IF(G47="","",CHOOSE(MONTH(G47),"Jan","Feb","Mar","Apr","Mei","Jun","Jul","Agu","Sep","Okt","Nov","Des")&" "&YEAR(G47)) -> Sep 2026 | L47: 0.019230769 | M47: 1 | N47: =L47*M47 -> 0.019230769 | O47: Aktual | P47: commit d298d52. Dua tahap kini memakai model berbeda; prompt perencana mewajibkan 11 bagian dan menolak rencana di bawah 1.500 karakter
A48: 9.2 | B48: 9 Pengerasan | C48: Konfigurasi model lewat repository variables | D48: Hariyadi | E48: Selesai | F48: 46270 | G48: 46270 | H48: =NETWORKDAYS(F48,G48) -> 0 | I48: 46270 | J48: 46270 | K48: =IF(G48="","",CHOOSE(MONTH(G48),"Jan","Feb","Mar","Apr","Mei","Jun","Jul","Agu","Sep","Okt","Nov","Des")&" "&YEAR(G48)) -> Sep 2026 | L48: 0.019230769 | M48: 1 | N48: =L48*M48 -> 0.019230769 | O48: Aktual | P48: commit 5c89658, e2a4926, 42a0c4e. Seluruh fallback dihapus agar salah konfigurasi terlihat, bukan tertutup diam-diam
A49: 9.3 | B49: 9 Pengerasan | C49: Streaming log, batas waktu percobaan, preflight gateway | D49: Agent | E49: Selesai | F49: 46270 | G49: 46270 | H49: =NETWORKDAYS(F49,G49) -> 0 | I49: 46270 | J49: 46270 | K49: =IF(G49="","",CHOOSE(MONTH(G49),"Jan","Feb","Mar","Apr","Mei","Jun","Jul","Agu","Sep","Okt","Nov","Des")&" "&YEAR(G49)) -> Sep 2026 | L49: 0.019230769 | M49: 1 | N49: =L49*M49 -> 0.019230769 | O49: Aktual | P49: commit bb194ae. Menutup cacat bawaan LPMS-3: loop retry tidak pernah menyala saat agent menggantung
A50: 9.4 | B50: 9 Pengerasan | C50: Selaraskan preflight dengan konfigurasi tanpa fallback | D50: Agent | E50: Selesai | F50: 46270 | G50: 46270 | H50: =NETWORKDAYS(F50,G50) -> 0 | I50: 46270 | J50: 46270 | K50: =IF(G50="","",CHOOSE(MONTH(G50),"Jan","Feb","Mar","Apr","Mei","Jun","Jul","Agu","Sep","Okt","Nov","Des")&" "&YEAR(G50)) -> Sep 2026 | L50: 0.019230769 | M50: 1 | N50: =L50*M50 -> 0.019230769 | O50: Aktual | P50: commit 8e36aff. Preflight kini menguji nilai yang persis sama dengan step agent, plus gerbang konfigurasi kosong
A51: 9.5 | B51: 9 Pengerasan | C51: Seragamkan token agent-fix ke CODE_API_KEY | D51: Agent | E51: Selesai | F51: 46270 | G51: 46270 | H51: =NETWORKDAYS(F51,G51) -> 0 | I51: 46270 | J51: 46270 | K51: =IF(G51="","",CHOOSE(MONTH(G51),"Jan","Feb","Mar","Apr","Mei","Jun","Jul","Agu","Sep","Okt","Nov","Des")&" "&YEAR(G51)) -> Sep 2026 | L51: 0.019230769 | M51: 1 | N51: =L51*M51 -> 0.019230769 | O51: Aktual | P51: commit ab0f8bb. Pembagian token jadi konsisten: agent-plan pakai PLAN_API_KEY, agent-trigger dan agent-fix pakai CODE_API_KEY
A52: 9.6 | B52: 9 Pengerasan | C52: Perbaikan gateway Cloudflare 524 | D52: Hariyadi | E52: Selesai | F52: 46270 | G52: 46270 | H52: =NETWORKDAYS(F52,G52) -> 0 | I52: 46270 | J52: 46270 | K52: =IF(G52="","",CHOOSE(MONTH(G52),"Jan","Feb","Mar","Apr","Mei","Jun","Jul","Agu","Sep","Okt","Nov","Des")&" "&YEAR(G52)) -> Sep 2026 | L52: 0.019230769 | M52: 1 | N52: =L52*M52 -> 0.019230769 | O52: Aktual | P52: Dikerjakan di sisi server, bukan repo. Respons model sebelumnya melampaui batas baca proxy 120 detik. Inilah yang membuka jalan PR #2 berhasil
A53: 9.7 | B53: 9 Pengerasan | C53: Laporkan penyebab kegagalan sebenarnya | D53: Agent | E53: Selesai | F53: 46270 | G53: 46270 | H53: =NETWORKDAYS(F53,G53) -> 0 | I53: 46270 | J53: 46270 | K53: =IF(G53="","",CHOOSE(MONTH(G53),"Jan","Feb","Mar","Apr","Mei","Jun","Jul","Agu","Sep","Okt","Nov","Des")&" "&YEAR(G53)) -> Sep 2026 | L53: 0.019230769 | M53: 1 | N53: =L53*M53 -> 0.019230769 | O53: Aktual | P53: commit 74f59ad. Menggantikan tebakan likely rate limit yang keliru; membaca api_error_status langsung dari stream
A54: 9.8 | B54: 9 Pengerasan | C54: Empat cacat dari siklus penuh pertama | D54: Agent | E54: Selesai | F54: 46270 | G54: 46270 | H54: =NETWORKDAYS(F54,G54) -> 0 | I54: 46270 | J54: 46270 | K54: =IF(G54="","",CHOOSE(MONTH(G54),"Jan","Feb","Mar","Apr","Mei","Jun","Jul","Agu","Sep","Okt","Nov","Des")&" "&YEAR(G54)) -> Sep 2026 | L54: 0.019230769 | M54: 1 | N54: =L54*M54 -> 0.019230769 | O54: Aktual | P54: commit d967bf2. Loop-breaker gagal eskalasi, auto-trigger tak menyambung, temuan terhitung dobel, model penilai di-hardcode
A55: 9.9 | B55: 9 Pengerasan | C55: Pulihkan circuit breaker dan footer commit | D55: Agent | E55: Selesai | F55: 46270 | G55: 46270 | H55: =NETWORKDAYS(F55,G55) -> 0 | I55: 46270 | J55: 46270 | K55: =IF(G55="","",CHOOSE(MONTH(G55),"Jan","Feb","Mar","Apr","Mei","Jun","Jul","Agu","Sep","Okt","Nov","Des")&" "&YEAR(G55)) -> Sep 2026 | L55: 0.019230769 | M55: 1 | N55: =L55*M55 -> 0.019230769 | O55: Aktual | P55: commit 83607a8. Perbaikan auto-trigger sempat mematikan cap 3 putaran; deteksi kini lewat penanda isi, bukan tipe akun
A56: 9.10 | B56: 9 Pengerasan | C56: Uji agent-plan.yml hasil pemisahan | D56: Agent | E56: Belum teruji | F56: 46272 | G56: 46272 | H56: =NETWORKDAYS(F56,G56) -> 1 | K56: =IF(G56="","",CHOOSE(MONTH(G56),"Jan","Feb","Mar","Apr","Mei","Jun","Jul","Agu","Sep","Okt","Nov","Des")&" "&YEAR(G56)) -> Sep 2026 | L56: 0.019230769 | M56: 0 | N56: =L56*M56 -> 0 | O56: Estimasi | P56: 0 run. Rencana issue #1 dibuat agent-trigger versi lama; workflow perencana yang baru belum pernah dieksekusi
C57: TOTAL | H57: =SUM(H5:H56) -> 77 | L57: =SUM(L5:L56) -> 1 | N57: =SUM(N5:N56) -> 0.88461538 | P57: Bobot dibagi rata 1/42 per tugas. Ubah kolom L bila ingin bobot berbasis effort.

Sheet Jadwal
A1: Jadwal Mingguan Triwulan III 2026 - Rencana vs Aktual
A2: X = minggu sesuai rencana | A = minggu tempat pekerjaan benar-benar terjadi | Hijau = tugas selesai, tembaga = belum
C3: Senin -> | D3: 46202 | E3: 46209 | F3: 46216 | G3: 46223 | H3: 46230 | I3: 46237 | J3: 46244 | K3: 46251 | L3: 46258 | M3: 46265 | N3: 46272 | O3: 46279 | P3: 46286 | Q3: 46293
A4: WBS | B4: Nama Tugas | C4: Status | D4: W01 | E4: W02 | F4: W03 | G4: W04 | H4: W05 | I4: W06 | J4: W07 | K4: W08 | L4: W09 | M4: W10 | N4: W11 | O4: W12 | P4: W13 | Q4: W14
A5: =WBS!A5 -> 0.1 | B5: =WBS!C5 -> Konfigurasi LLM Quality Gate (QG_*) di LPMS-3 | C5: =WBS!E5 -> Selesai | D5: =IF(AND(WBS!$I5<>"",WBS!$I5<=D$3+6,WBS!$J5>=D$3),"A",IF(AND(WBS!$F5<=D$3+6,WBS!$G5>=D$3),"X","")) -> A | E5: =IF(AND(WBS!$I5<>"",WBS!$I5<=E$3+6,WBS!$J5>=E$3),"A",IF(AND(WBS!$F5<=E$3+6,WBS!$G5>=E$3),"X","")) | F5: =IF(AND(WBS!$I5<>"",WBS!$I5<=F$3+6,WBS!$J5>=F$3),"A",IF(AND(WBS!$F5<=F$3+6,WBS!$G5>=F$3),"X","")) | G5: =IF(AND(WBS!$I5<>"",WBS!$I5<=G$3+6,WBS!$J5>=G$3),"A",IF(AND(WBS!$F5<=G$3+6,WBS!$G5>=G$3),"X","")) | H5: =IF(AND(WBS!$I5<>"",WBS!$I5<=H$3+6,WBS!$J5>=H$3),"A",IF(AND(WBS!$F5<=H$3+6,WBS!$G5>=H$3),"X","")) | I5: =IF(AND(WBS!$I5<>"",WBS!$I5<=I$3+6,WBS!$J5>=I$3),"A",IF(AND(WBS!$F5<=I$3+6,WBS!$G5>=I$3),"X","")) | J5: =IF(AND(WBS!$I5<>"",WBS!$I5<=J$3+6,WBS!$J5>=J$3),"A",IF(AND(WBS!$F5<=J$3+6,WBS!$G5>=J$3),"X","")) | K5: =IF(AND(WBS!$I5<>"",WBS!$I5<=K$3+6,WBS!$J5>=K$3),"A",IF(AND(WBS!$F5<=K$3+6,WBS!$G5>=K$3),"X","")) | ... Q5: =IF(AND(WBS!$I5<>"",WBS!$I5<=Q$3+6,WBS!$J5>=Q$3),"A",IF(AND(WBS!$F5<=Q$3+6,WBS!$G5>=Q$3),"X",""))
A6: =WBS!A6 -> 0.2 | B6: =WBS!C6 -> Pembuatan workflow ocr-review.yml di LPMS-3 | C6: =WBS!E6 -> Selesai | D6: =IF(AND(WBS!$I6<>"",WBS!$I6<=D$3+6,WBS!$J6>=D$3),"A",IF(AND(WBS!$F6<=D$3+6,WBS!$G6>=D$3),"X","")) -> A | E6: =IF(AND(WBS!$I6<>"",WBS!$I6<=E$3+6,WBS!$J6>=E$3),"A",IF(AND(WBS!$F6<=E$3+6,WBS!$G6>=E$3),"X","")) | F6: =IF(AND(WBS!$I6<>"",WBS!$I6<=F$3+6,WBS!$J6>=F$3),"A",IF(AND(WBS!$F6<=F$3+6,WBS!$G6>=F$3),"X","")) | G6: =IF(AND(WBS!$I6<>"",WBS!$I6<=G$3+6,WBS!$J6>=G$3),"A",IF(AND(WBS!$F6<=G$3+6,WBS!$G6>=G$3),"X","")) | H6: =IF(AND(WBS!$I6<>"",WBS!$I6<=H$3+6,WBS!$J6>=H$3),"A",IF(AND(WBS!$F6<=H$3+6,WBS!$G6>=H$3),"X","")) | I6: =IF(AND(WBS!$I6<>"",WBS!$I6<=I$3+6,WBS!$J6>=I$3),"A",IF(AND(WBS!$F6<=I$3+6,WBS!$G6>=I$3),"X","")) | J6: =IF(AND(WBS!$I6<>"",WBS!$I6<=J$3+6,WBS!$J6>=J$3),"A",IF(AND(WBS!$F6<=J$3+6,WBS!$G6>=J$3),"X","")) | K6: =IF(AND(WBS!$I6<>"",WBS!$I6<=K$3+6,WBS!$J6>=K$3),"A",IF(AND(WBS!$F6<=K$3+6,WBS!$G6>=K$3),"X","")) | ... Q6: =IF(AND(WBS!$I6<>"",WBS!$I6<=Q$3+6,WBS!$J6>=Q$3),"A",IF(AND(WBS!$F6<=Q$3+6,WBS!$G6>=Q$3),"X",""))
A7: =WBS!A7 -> 0.3 | B7: =WBS!C7 -> Registrasi GitHub App OpenCodeReview + 3 secret | C7: =WBS!E7 -> Selesai | D7: =IF(AND(WBS!$I7<>"",WBS!$I7<=D$3+6,WBS!$J7>=D$3),"A",IF(AND(WBS!$F7<=D$3+6,WBS!$G7>=D$3),"X","")) -> A | E7: =IF(AND(WBS!$I7<>"",WBS!$I7<=E$3+6,WBS!$J7>=E$3),"A",IF(AND(WBS!$F7<=E$3+6,WBS!$G7>=E$3),"X","")) | F7: =IF(AND(WBS!$I7<>"",WBS!$I7<=F$3+6,WBS!$J7>=F$3),"A",IF(AND(WBS!$F7<=F$3+6,WBS!$G7>=F$3),"X","")) | G7: =IF(AND(WBS!$I7<>"",WBS!$I7<=G$3+6,WBS!$J7>=G$3),"A",IF(AND(WBS!$F7<=G$3+6,WBS!$G7>=G$3),"X","")) | H7: =IF(AND(WBS!$I7<>"",WBS!$I7<=H$3+6,WBS!$J7>=H$3),"A",IF(AND(WBS!$F7<=H$3+6,WBS!$G7>=H$3),"X","")) | I7: =IF(AND(WBS!$I7<>"",WBS!$I7<=I$3+6,WBS!$J7>=I$3),"A",IF(AND(WBS!$F7<=I$3+6,WBS!$G7>=I$3),"X","")) | J7: =IF(AND(WBS!$I7<>"",WBS!$I7<=J$3+6,WBS!$J7>=J$3),"A",IF(AND(WBS!$F7<=J$3+6,WBS!$G7>=J$3),"X","")) | K7: =IF(AND(WBS!$I7<>"",WBS!$I7<=K$3+6,WBS!$J7>=K$3),"A",IF(AND(WBS!$F7<=K$3+6,WBS!$G7>=K$3),"X","")) | ... Q7: =IF(AND(WBS!$I7<>"",WBS!$I7<=Q$3+6,WBS!$J7>=Q$3),"A",IF(AND(WBS!$F7<=Q$3+6,WBS!$G7>=Q$3),"X",""))
A8: =WBS!A8 -> 0.4 | B8: =WBS!C8 -> Pembuatan workflow ocr-rebuttal.yml (dialog ber-thread) | C8: =WBS!E8 -> Selesai | D8: =IF(AND(WBS!$I8<>"",WBS!$I8<=D$3+6,WBS!$J8>=D$3),"A",IF(AND(WBS!$F8<=D$3+6,WBS!$G8>=D$3),"X","")) | E8: =IF(AND(WBS!$I8<>"",WBS!$I8<=E$3+6,WBS!$J8>=E$3),"A",IF(AND(WBS!$F8<=E$3+6,WBS!$G8>=E$3),"X","")) | F8: =IF(AND(WBS!$I8<>"",WBS!$I8<=F$3+6,WBS!$J8>=F$3),"A",IF(AND(WBS!$F8<=F$3+6,WBS!$G8>=F$3),"X","")) | G8: =IF(AND(WBS!$I8<>"",WBS!$I8<=G$3+6,WBS!$J8>=G$3),"A",IF(AND(WBS!$F8<=G$3+6,WBS!$G8>=G$3),"X","")) -> A | H8: =IF(AND(WBS!$I8<>"",WBS!$I8<=H$3+6,WBS!$J8>=H$3),"A",IF(AND(WBS!$F8<=H$3+6,WBS!$G8>=H$3),"X","")) | I8: =IF(AND(WBS!$I8<>"",WBS!$I8<=I$3+6,WBS!$J8>=I$3),"A",IF(AND(WBS!$F8<=I$3+6,WBS!$G8>=I$3),"X","")) | J8: =IF(AND(WBS!$I8<>"",WBS!$I8<=J$3+6,WBS!$J8>=J$3),"A",IF(AND(WBS!$F8<=J$3+6,WBS!$G8>=J$3),"X","")) | K8: =IF(AND(WBS!$I8<>"",WBS!$I8<=K$3+6,WBS!$J8>=K$3),"A",IF(AND(WBS!$F8<=K$3+6,WBS!$G8>=K$3),"X","")) | ... Q8: =IF(AND(WBS!$I8<>"",WBS!$I8<=Q$3+6,WBS!$J8>=Q$3),"A",IF(AND(WBS!$F8<=Q$3+6,WBS!$G8>=Q$3),"X",""))
A9: =WBS!A9 -> 1.1 | B9: =WBS!C9 -> Audit 12 workflow LPMS-3 di branch main | C9: =WBS!E9 -> Selesai | D9: =IF(AND(WBS!$I9<>"",WBS!$I9<=D$3+6,WBS!$J9>=D$3),"A",IF(AND(WBS!$F9<=D$3+6,WBS!$G9>=D$3),"X","")) | E9: =IF(AND(WBS!$I9<>"",WBS!$I9<=E$3+6,WBS!$J9>=E$3),"A",IF(AND(WBS!$F9<=E$3+6,WBS!$G9>=E$3),"X","")) -> X | F9: =IF(AND(WBS!$I9<>"",WBS!$I9<=F$3+6,WBS!$J9>=F$3),"A",IF(AND(WBS!$F9<=F$3+6,WBS!$G9>=F$3),"X","")) | G9: =IF(AND(WBS!$I9<>"",WBS!$I9<=G$3+6,WBS!$J9>=G$3),"A",IF(AND(WBS!$F9<=G$3+6,WBS!$G9>=G$3),"X","")) | H9: =IF(AND(WBS!$I9<>"",WBS!$I9<=H$3+6,WBS!$J9>=H$3),"A",IF(AND(WBS!$F9<=H$3+6,WBS!$G9>=H$3),"X","")) | I9: =IF(AND(WBS!$I9<>"",WBS!$I9<=I$3+6,WBS!$J9>=I$3),"A",IF(AND(WBS!$F9<=I$3+6,WBS!$G9>=I$3),"X","")) | J9: =IF(AND(WBS!$I9<>"",WBS!$I9<=J$3+6,WBS!$J9>=J$3),"A",IF(AND(WBS!$F9<=J$3+6,WBS!$G9>=J$3),"X","")) | K9: =IF(AND(WBS!$I9<>"",WBS!$I9<=K$3+6,WBS!$J9>=K$3),"A",IF(AND(WBS!$F9<=K$3+6,WBS!$G9>=K$3),"X","")) -> A | ... Q9: =IF(AND(WBS!$I9<>"",WBS!$I9<=Q$3+6,WBS!$J9>=Q$3),"A",IF(AND(WBS!$F9<=Q$3+6,WBS!$G9>=Q$3),"X",""))
A10: =WBS!A10 -> 1.2 | B10: =WBS!C10 -> Deteksi checkout lokal basi (branch zai) | C10: =WBS!E10 -> Selesai | D10: =IF(AND(WBS!$I10<>"",WBS!$I10<=D$3+6,WBS!$J10>=D$3),"A",IF(AND(WBS!$F10<=D$3+6,WBS!$G10>=D$3),"X","")) | E10: =IF(AND(WBS!$I10<>"",WBS!$I10<=E$3+6,WBS!$J10>=E$3),"A",IF(AND(WBS!$F10<=E$3+6,WBS!$G10>=E$3),"X","")) -> X | F10: =IF(AND(WBS!$I10<>"",WBS!$I10<=F$3+6,WBS!$J10>=F$3),"A",IF(AND(WBS!$F10<=F$3+6,WBS!$G10>=F$3),"X","")) | G10: =IF(AND(WBS!$I10<>"",WBS!$I10<=G$3+6,WBS!$J10>=G$3),"A",IF(AND(WBS!$F10<=G$3+6,WBS!$G10>=G$3),"X","")) | H10: =IF(AND(WBS!$I10<>"",WBS!$I10<=H$3+6,WBS!$J10>=H$3),"A",IF(AND(WBS!$F10<=H$3+6,WBS!$G10>=H$3),"X","")) | I10: =IF(AND(WBS!$I10<>"",WBS!$I10<=I$3+6,WBS!$J10>=I$3),"A",IF(AND(WBS!$F10<=I$3+6,WBS!$G10>=I$3),"X","")) | J10: =IF(AND(WBS!$I10<>"",WBS!$I10<=J$3+6,WBS!$J10>=J$3),"A",IF(AND(WBS!$F10<=J$3+6,WBS!$G10>=J$3),"X","")) | K10: =IF(AND(WBS!$I10<>"",WBS!$I10<=K$3+6,WBS!$J10>=K$3),"A",IF(AND(WBS!$F10<=K$3+6,WBS!$G10>=K$3),"X","")) -> A | ... Q10: =IF(AND(WBS!$I10<>"",WBS!$I10<=Q$3+6,WBS!$J10>=Q$3),"A",IF(AND(WBS!$F10<=Q$3+6,WBS!$G10>=Q$3),"X",""))
A11: =WBS!A11 -> 1.3 | B11: =WBS!C11 -> Penetapan stack target HDL | C11: =WBS!E11 -> Selesai | D11: =IF(AND(WBS!$I11<>"",WBS!$I11<=D$3+6,WBS!$J11>=D$3),"A",IF(AND(WBS!$F11<=D$3+6,WBS!$G11>=D$3),"X","")) | E11: =IF(AND(WBS!$I11<>"",WBS!$I11<=E$3+6,WBS!$J11>=E$3),"A",IF(AND(WBS!$F11<=E$3+6,WBS!$G11>=E$3),"X","")) | F11: =IF(AND(WBS!$I11<>"",WBS!$I11<=F$3+6,WBS!$J11>=F$3),"A",IF(AND(WBS!$F11<=F$3+6,WBS!$G11>=F$3),"X","")) -> X | G11: =IF(AND(WBS!$I11<>"",WBS!$I11<=G$3+6,WBS!$J11>=G$3),"A",IF(AND(WBS!$F11<=G$3+6,WBS!$G11>=G$3),"X","")) | H11: =IF(AND(WBS!$I11<>"",WBS!$I11<=H$3+6,WBS!$J11>=H$3),"A",IF(AND(WBS!$F11<=H$3+6,WBS!$G11>=H$3),"X","")) | I11: =IF(AND(WBS!$I11<>"",WBS!$I11<=I$3+6,WBS!$J11>=I$3),"A",IF(AND(WBS!$F11<=I$3+6,WBS!$G11>=I$3),"X","")) | J11: =IF(AND(WBS!$I11<>"",WBS!$I11<=J$3+6,WBS!$J11>=J$3),"A",IF(AND(WBS!$F11<=J$3+6,WBS!$G11>=J$3),"X","")) | K11: =IF(AND(WBS!$I11<>"",WBS!$I11<=K$3+6,WBS!$J11>=K$3),"A",IF(AND(WBS!$F11<=K$3+6,WBS!$G11>=K$3),"X","")) -> A | ... Q11: =IF(AND(WBS!$I11<>"",WBS!$I11<=Q$3+6,WBS!$J11>=Q$3),"A",IF(AND(WBS!$F11<=Q$3+6,WBS!$G11>=Q$3),"X",""))
A12: =WBS!A12 -> 1.4 | B12: =WBS!C12 -> Keputusan cakupan 5 dari 12 workflow | C12: =WBS!E12 -> Selesai | D12: =IF(AND(WBS!$I12<>"",WBS!$I12<=D$3+6,WBS!$J12>=D$3),"A",IF(AND(WBS!$F12<=D$3+6,WBS!$G12>=D$3),"X","")) | E12: =IF(AND(WBS!$I12<>"",WBS!$I12<=E$3+6,WBS!$J12>=E$3),"A",IF(AND(WBS!$F12<=E$3+6,WBS!$G12>=E$3),"X","")) | F12: =IF(AND(WBS!$I12<>"",WBS!$I12<=F$3+6,WBS!$J12>=F$3),"A",IF(AND(WBS!$F12<=F$3+6,WBS!$G12>=F$3),"X","")) -> X | G12: =IF(AND(WBS!$I12<>"",WBS!$I12<=G$3+6,WBS!$J12>=G$3),"A",IF(AND(WBS!$F12<=G$3+6,WBS!$G12>=G$3),"X","")) | H12: =IF(AND(WBS!$I12<>"",WBS!$I12<=H$3+6,WBS!$J12>=H$3),"A",IF(AND(WBS!$F12<=H$3+6,WBS!$G12>=H$3),"X","")) | I12: =IF(AND(WBS!$I12<>"",WBS!$I12<=I$3+6,WBS!$J12>=I$3),"A",IF(AND(WBS!$F12<=I$3+6,WBS!$G12>=I$3),"X","")) | J12: =IF(AND(WBS!$I12<>"",WBS!$I12<=J$3+6,WBS!$J12>=J$3),"A",IF(AND(WBS!$F12<=J$3+6,WBS!$G12>=J$3),"X","")) | K12: =IF(AND(WBS!$I12<>"",WBS!$I12<=K$3+6,WBS!$J12>=K$3),"A",IF(AND(WBS!$F12<=K$3+6,WBS!$G12>=K$3),"X","")) -> A | ... Q12: =IF(AND(WBS!$I12<>"",WBS!$I12<=Q$3+6,WBS!$J12>=Q$3),"A",IF(AND(WBS!$F12<=Q$3+6,WBS!$G12>=Q$3),"X",""))
A13: =WBS!A13 -> 2.1 | B13: =WBS!C13 -> agent-trigger.yml - 505 baris | C13: =WBS!E13 -> Selesai | D13: =IF(AND(WBS!$I13<>"",WBS!$I13<=D$3+6,WBS!$J13>=D$3),"A",IF(AND(WBS!$F13<=D$3+6,WBS!$G13>=D$3),"X","")) | E13: =IF(AND(WBS!$I13<>"",WBS!$I13<=E$3+6,WBS!$J13>=E$3),"A",IF(AND(WBS!$F13<=E$3+6,WBS!$G13>=E$3),"X","")) | F13: =IF(AND(WBS!$I13<>"",WBS!$I13<=F$3+6,WBS!$J13>=F$3),"A",IF(AND(WBS!$F13<=F$3+6,WBS!$G13>=F$3),"X","")) | G13: =IF(AND(WBS!$I13<>"",WBS!$I13<=G$3+6,WBS!$J13>=G$3),"A",IF(AND(WBS!$F13<=G$3+6,WBS!$G13>=G$3),"X","")) -> X | H13: =IF(AND(WBS!$I13<>"",WBS!$I13<=H$3+6,WBS!$J13>=H$3),"A",IF(AND(WBS!$F13<=H$3+6,WBS!$G13>=H$3),"X","")) | I13: =IF(AND(WBS!$I13<>"",WBS!$I13<=I$3+6,WBS!$J13>=I$3),"A",IF(AND(WBS!$F13<=I$3+6,WBS!$G13>=I$3),"X","")) | J13: =IF(AND(WBS!$I13<>"",WBS!$I13<=J$3+6,WBS!$J13>=J$3),"A",IF(AND(WBS!$F13<=J$3+6,WBS!$G13>=J$3),"X","")) | K13: =IF(AND(WBS!$I13<>"",WBS!$I13<=K$3+6,WBS!$J13>=K$3),"A",IF(AND(WBS!$F13<=K$3+6,WBS!$G13>=K$3),"X","")) -> A | ... Q13: =IF(AND(WBS!$I13<>"",WBS!$I13<=Q$3+6,WBS!$J13>=Q$3),"A",IF(AND(WBS!$F13<=Q$3+6,WBS!$G13>=Q$3),"X",""))
A14: =WBS!A14 -> 2.2 | B14: =WBS!C14 -> agent-fix.yml - 303 baris | C14: =WBS!E14 -> Selesai | D14: =IF(AND(WBS!$I14<>"",WBS!$I14<=D$3+6,WBS!$J14>=D$3),"A",IF(AND(WBS!$F14<=D$3+6,WBS!$G14>=D$3),"X","")) | E14: =IF(AND(WBS!$I14<>"",WBS!$I14<=E$3+6,WBS!$J14>=E$3),"A",IF(AND(WBS!$F14<=E$3+6,WBS!$G14>=E$3),"X","")) | F14: =IF(AND(WBS!$I14<>"",WBS!$I14<=F$3+6,WBS!$J14>=F$3),"A",IF(AND(WBS!$F14<=F$3+6,WBS!$G14>=F$3),"X","")) | G14: =IF(AND(WBS!$I14<>"",WBS!$I14<=G$3+6,WBS!$J14>=G$3),"A",IF(AND(WBS!$F14<=G$3+6,WBS!$G14>=G$3),"X","")) -> X | H14: =IF(AND(WBS!$I14<>"",WBS!$I14<=H$3+6,WBS!$J14>=H$3),"A",IF(AND(WBS!$F14<=H$3+6,WBS!$G14>=H$3),"X","")) | I14: =IF(AND(WBS!$I14<>"",WBS!$I14<=I$3+6,WBS!$J14>=I$3),"A",IF(AND(WBS!$F14<=I$3+6,WBS!$G14>=I$3),"X","")) | J14: =IF(AND(WBS!$I14<>"",WBS!$I14<=J$3+6,WBS!$J14>=J$3),"A",IF(AND(WBS!$F14<=J$3+6,WBS!$G14>=J$3),"X","")) | K14: =IF(AND(WBS!$I14<>"",WBS!$I14<=K$3+6,WBS!$J14>=K$3),"A",IF(AND(WBS!$F14<=K$3+6,WBS!$G14>=K$3),"X","")) -> A | ... Q14: =IF(AND(WBS!$I14<>"",WBS!$I14<=Q$3+6,WBS!$J14>=Q$3),"A",IF(AND(WBS!$F14<=Q$3+6,WBS!$G14>=Q$3),"X",""))
A15: =WBS!A15 -> 2.3 | B15: =WBS!C15 -> ac-verify.yml - 521 baris | C15: =WBS!E15 -> Selesai | D15: =IF(AND(WBS!$I15<>"",WBS!$I15<=D$3+6,WBS!$J15>=D$3),"A",IF(AND(WBS!$F15<=D$3+6,WBS!$G15>=D$3),"X","")) | E15: =IF(AND(WBS!$I15<>"",WBS!$I15<=E$3+6,WBS!$J15>=E$3),"A",IF(AND(WBS!$F15<=E$3+6,WBS!$G15>=E$3),"X","")) | F15: =IF(AND(WBS!$I15<>"",WBS!$I15<=F$3+6,WBS!$J15>=F$3),"A",IF(AND(WBS!$F15<=F$3+6,WBS!$G15>=F$3),"X","")) | G15: =IF(AND(WBS!$I15<>"",WBS!$I15<=G$3+6,WBS!$J15>=G$3),"A",IF(AND(WBS!$F15<=G$3+6,WBS!$G15>=G$3),"X","")) | H15: =IF(AND(WBS!$I15<>"",WBS!$I15<=H$3+6,WBS!$J15>=H$3),"A",IF(AND(WBS!$F15<=H$3+6,WBS!$G15>=H$3),"X","")) -> X | I15: =IF(AND(WBS!$I15<>"",WBS!$I15<=I$3+6,WBS!$J15>=I$3),"A",IF(AND(WBS!$F15<=I$3+6,WBS!$G15>=I$3),"X","")) | J15: =IF(AND(WBS!$I15<>"",WBS!$I15<=J$3+6,WBS!$J15>=J$3),"A",IF(AND(WBS!$F15<=J$3+6,WBS!$G15>=J$3),"X","")) | K15: =IF(AND(WBS!$I15<>"",WBS!$I15<=K$3+6,WBS!$J15>=K$3),"A",IF(AND(WBS!$F15<=K$3+6,WBS!$G15>=K$3),"X","")) -> A | ... Q15: =IF(AND(WBS!$I15<>"",WBS!$I15<=Q$3+6,WBS!$J15>=Q$3),"A",IF(AND(WBS!$F15<=Q$3+6,WBS!$G15>=Q$3),"X",""))
A16: =WBS!A16 -> 2.8 | B16: =WBS!C16 -> Perbaikan sumber: poll ci-cd.yml dibuat fail-safe | C16: =WBS!E16 -> Selesai | D16: =IF(AND(WBS!$I16<>"",WBS!$I16<=D$3+6,WBS!$J16>=D$3),"A",IF(AND(WBS!$F16<=D$3+6,WBS!$G16>=D$3),"X","")) | E16: =IF(AND(WBS!$I16<>"",WBS!$I16<=E$3+6,WBS!$J16>=E$3),"A",IF(AND(WBS!$F16<=E$3+6,WBS!$G16>=E$3),"X","")) | F16: =IF(AND(WBS!$I16<>"",WBS!$I16<=F$3+6,WBS!$J16>=F$3),"A",IF(AND(WBS!$F16<=F$3+6,WBS!$G16>=F$3),"X","")) | G16: =IF(AND(WBS!$I16<>"",WBS!$I16<=G$3+6,WBS!$J16>=G$3),"A",IF(AND(WBS!$F16<=G$3+6,WBS!$G16>=G$3),"X","")) | H16: =IF(AND(WBS!$I16<>"",WBS!$I16<=H$3+6,WBS!$J16>=H$3),"A",IF(AND(WBS!$F16<=H$3+6,WBS!$G16>=H$3),"X","")) -> X | I16: =IF(AND(WBS!$I16<>"",WBS!$I16<=I$3+6,WBS!$J16>=I$3),"A",IF(AND(WBS!$F16<=I$3+6,WBS!$G16>=I$3),"X","")) | J16: =IF(AND(WBS!$I16<>"",WBS!$I16<=J$3+6,WBS!$J16>=J$3),"A",IF(AND(WBS!$F16<=J$3+6,WBS!$G16>=J$3),"X","")) | K16: =IF(AND(WBS!$I16<>"",WBS!$I16<=K$3+6,WBS!$J16>=K$3),"A",IF(AND(WBS!$F16<=K$3+6,WBS!$G16>=K$3),"X","")) -> A | ... Q16: =IF(AND(WBS!$I16<>"",WBS!$I16<=Q$3+6,WBS!$J16>=Q$3),"A",IF(AND(WBS!$F16<=Q$3+6,WBS!$G16>=Q$3),"X",""))
... A56: =WBS!A56 -> 9.10 | B56: =WBS!C56 -> Uji agent-plan.yml hasil pemisahan | C56: =WBS!E56 -> Belum teruji | D56: =IF(AND(WBS!$I56<>"",WBS!$I56<=D$3+6,WBS!$J56>=D$3),"A",IF(AND(WBS!$F56<=D$3+6,WBS!$G56>=D$3),"X","")) | E56: =IF(AND(WBS!$I56<>"",WBS!$I56<=E$3+6,WBS!$J56>=E$3),"A",IF(AND(WBS!$F56<=E$3+6,WBS!$G56>=E$3),"X","")) | F56: =IF(AND(WBS!$I56<>"",WBS!$I56<=F$3+6,WBS!$J56>=F$3),"A",IF(AND(WBS!$F56<=F$3+6,WBS!$G56>=F$3),"X","")) | G56: =IF(AND(WBS!$I56<>"",WBS!$I56<=G$3+6,WBS!$J56>=G$3),"A",IF(AND(WBS!$F56<=G$3+6,WBS!$G56>=G$3),"X","")) | H56: =IF(AND(WBS!$I56<>"",WBS!$I56<=H$3+6,WBS!$J56>=H$3),"A",IF(AND(WBS!$F56<=H$3+6,WBS!$G56>=H$3),"X","")) | I56: =IF(AND(WBS!$I56<>"",WBS!$I56<=I$3+6,WBS!$J56>=I$3),"A",IF(AND(WBS!$F56<=I$3+6,WBS!$G56>=I$3),"X","")) | J56: =IF(AND(WBS!$I56<>"",WBS!$I56<=J$3+6,WBS!$J56>=J$3),"A",IF(AND(WBS!$F56<=J$3+6,WBS!$G56>=J$3),"X","")) | K56: =IF(AND(WBS!$I56<>"",WBS!$I56<=K$3+6,WBS!$J56>=K$3),"A",IF(AND(WBS!$F56<=K$3+6,WBS!$G56>=K$3),"X","")) | ... Q56: =IF(AND(WBS!$I56<>"",WBS!$I56<=Q$3+6,WBS!$J56>=Q$3),"A",IF(AND(WBS!$F56<=Q$3+6,WBS!$G56>=Q$3),"X",""))
A58: Blok A menumpuk di W08 (paket 1-4, 18 Agu) dan W10 (paket 5-7 dan 9, 5 Sep). Paket 6 dan 7 selesai LEBIH AWAL dari rencananya - blok A muncul sebelum blok X.

Sheet Rekap
A1: Rekapitulasi per Paket Kerja
A2: Seluruh angka dihitung ulang dari sheet WBS.
A4: Paket Kerja | B4: Jml Tugas | C4: Selesai | D4: Rencana Mulai | E4: Rencana Selesai | F4: Aktual Mulai | G4: Aktual Selesai | H4: Bobot (%) | I4: Realisasi (%) | J4: Waktu Jalan (jam) | K4: Jenis | L4: Catatan Waktu
A5: 0 Prasyarat | B5: =COUNTIFS(WBS!$B$5:$B$56,$A5) -> 4 | C5: =COUNTIFS(WBS!$B$5:$B$56,$A5,WBS!$E$5:$E$56,"Selesai") -> 4 | D5: =_xlfn.MINIFS(WBS!$F$5:$F$56,WBS!$B$5:$B$56,$A5) -> 46204 | E5: =_xlfn.MAXIFS(WBS!$G$5:$G$56,WBS!$B$5:$B$56,$A5) -> 46224 | F5: =IF(_xlfn.MINIFS(WBS!$I$5:$I$56,WBS!$B$5:$B$56,$A5)=0,"-",_xlfn.MINIFS(WBS!$I$5:$I$56,WBS!$B$5:$B$56,$A5)) -> 46204 | G5: =IF(_xlfn.MAXIFS(WBS!$J$5:$J$56,WBS!$B$5:$B$56,$A5)=0,"-",_xlfn.MAXIFS(WBS!$J$5:$J$56,WBS!$B$5:$B$56,$A5)) -> 46224 | H5: =SUMIFS(WBS!$L$5:$L$56,WBS!$B$5:$B$56,$A5) -> 0.076923077 | I5: =IFERROR(SUMIFS(WBS!$N$5:$N$56,WBS!$B$5:$B$56,$A5)/$H5,0) -> 1 | J5: - | K5: Aktual | L5: Hanya tanggal yang terbukti; durasi tidak tercatat
A6: 1 Analisis | B6: =COUNTIFS(WBS!$B$5:$B$56,$A6) -> 4 | C6: =COUNTIFS(WBS!$B$5:$B$56,$A6,WBS!$E$5:$E$56,"Selesai") -> 4 | D6: =_xlfn.MINIFS(WBS!$F$5:$F$56,WBS!$B$5:$B$56,$A6) -> 46209 | E6: =_xlfn.MAXIFS(WBS!$G$5:$G$56,WBS!$B$5:$B$56,$A6) -> 46220 | F6: =IF(_xlfn.MINIFS(WBS!$I$5:$I$56,WBS!$B$5:$B$56,$A6)=0,"-",_xlfn.MINIFS(WBS!$I$5:$I$56,WBS!$B$5:$B$56,$A6)) -> 46252 | G6: =IF(_xlfn.MAXIFS(WBS!$J$5:$J$56,WBS!$B$5:$B$56,$A6)=0,"-",_xlfn.MAXIFS(WBS!$J$5:$J$56,WBS!$B$5:$B$56,$A6)) -> 46252 | H6: =SUMIFS(WBS!$L$5:$L$56,WBS!$B$5:$B$56,$A6) -> 0.076923077 | I6: =IFERROR(SUMIFS(WBS!$N$5:$N$56,WBS!$B$5:$B$56,$A6)/$H6,0) -> 1 | J6: 0.22 | K6: Aktual | L6: 13 mnt terukur, 13:20-13:33 pada 18 Agu
A7: 2 Adaptasi | B7: =COUNTIFS(WBS!$B$5:$B$56,$A7) -> 9 | C7: =COUNTIFS(WBS!$B$5:$B$56,$A7,WBS!$E$5:$E$56,"Selesai") -> 9 | D7: =_xlfn.MINIFS(WBS!$F$5:$F$56,WBS!$B$5:$B$56,$A7) -> 46223 | E7: =_xlfn.MAXIFS(WBS!$G$5:$G$56,WBS!$B$5:$B$56,$A7) -> 46239 | F7: =IF(_xlfn.MINIFS(WBS!$I$5:$I$56,WBS!$B$5:$B$56,$A7)=0,"-",_xlfn.MINIFS(WBS!$I$5:$I$56,WBS!$B$5:$B$56,$A7)) -> 46252 | G7: =IF(_xlfn.MAXIFS(WBS!$J$5:$J$56,WBS!$B$5:$B$56,$A7)=0,"-",_xlfn.MAXIFS(WBS!$J$5:$J$56,WBS!$B$5:$B$56,$A7)) -> 46252 | H7: =SUMIFS(WBS!$L$5:$L$56,WBS!$B$5:$B$56,$A7) -> 0.17307692 | I7: =IFERROR(SUMIFS(WBS!$N$5:$N$56,WBS!$B$5:$B$56,$A7)/$H7,0) -> 1 | J7: 0.09 | K7: Aktual | L7: 5 mnt 39 dtk terukur, 13:33:39-13:39:18 pada 18 Agu
A8: 3 Validasi | B8: =COUNTIFS(WBS!$B$5:$B$56,$A8) -> 4 | C8: =COUNTIFS(WBS!$B$5:$B$56,$A8,WBS!$E$5:$E$56,"Selesai") -> 4 | D8: =_xlfn.MINIFS(WBS!$F$5:$F$56,WBS!$B$5:$B$56,$A8) -> 46244 | E8: =_xlfn.MAXIFS(WBS!$G$5:$G$56,WBS!$B$5:$B$56,$A8) -> 46248 | F8: =IF(_xlfn.MINIFS(WBS!$I$5:$I$56,WBS!$B$5:$B$56,$A8)=0,"-",_xlfn.MINIFS(WBS!$I$5:$I$56,WBS!$B$5:$B$56,$A8)) -> 46252 | G8: =IF(_xlfn.MAXIFS(WBS!$J$5:$J$56,WBS!$B$5:$B$56,$A8)=0,"-",_xlfn.MAXIFS(WBS!$J$5:$J$56,WBS!$B$5:$B$56,$A8)) -> 46252 | H8: =SUMIFS(WBS!$L$5:$L$56,WBS!$B$5:$B$56,$A8) -> 0.076923077 | I8: =IFERROR(SUMIFS(WBS!$N$5:$N$56,WBS!$B$5:$B$56,$A8)/$H8,0) -> 1 | J8: 0.06 | K8: Aktual | L8: 3 mnt 47 dtk terukur, 13:39:18-13:43:05 pada 18 Agu
A9: 4 Deployment | B9: =COUNTIFS(WBS!$B$5:$B$56,$A9) -> 3 | C9: =COUNTIFS(WBS!$B$5:$B$56,$A9,WBS!$E$5:$E$56,"Selesai") -> 3 | D9: =_xlfn.MINIFS(WBS!$F$5:$F$56,WBS!$B$5:$B$56,$A9) -> 46251 | E9: =_xlfn.MAXIFS(WBS!$G$5:$G$56,WBS!$B$5:$B$56,$A9) -> 46255 | F9: =IF(_xlfn.MINIFS(WBS!$I$5:$I$56,WBS!$B$5:$B$56,$A9)=0,"-",_xlfn.MINIFS(WBS!$I$5:$I$56,WBS!$B$5:$B$56,$A9)) -> 46252 | G9: =IF(_xlfn.MAXIFS(WBS!$J$5:$J$56,WBS!$B$5:$B$56,$A9)=0,"-",_xlfn.MAXIFS(WBS!$J$5:$J$56,WBS!$B$5:$B$56,$A9)) -> 46252 | H9: =SUMIFS(WBS!$L$5:$L$56,WBS!$B$5:$B$56,$A9) -> 0.057692308 | I9: =IFERROR(SUMIFS(WBS!$N$5:$N$56,WBS!$B$5:$B$56,$A9)/$H9,0) -> 1 | J9: 0.02 | K9: Aktual | L9: sekitar 1 mnt terukur, 13:43:05-13:44:02 pada 18 Agu
A10: 5 Kredensial | B10: =COUNTIFS(WBS!$B$5:$B$56,$A10) -> 4 | C10: =COUNTIFS(WBS!$B$5:$B$56,$A10,WBS!$E$5:$E$56,"Selesai") -> 4 | D10: =_xlfn.MINIFS(WBS!$F$5:$F$56,WBS!$B$5:$B$56,$A10) -> 46258 | E10: =_xlfn.MAXIFS(WBS!$G$5:$G$56,WBS!$B$5:$B$56,$A10) -> 46269 | F10: =IF(_xlfn.MINIFS(WBS!$I$5:$I$56,WBS!$B$5:$B$56,$A10)=0,"-",_xlfn.MINIFS(WBS!$I$5:$I$56,WBS!$B$5:$B$56,$A10)) -> 46254 | G10: =IF(_xlfn.MAXIFS(WBS!$J$5:$J$56,WBS!$B$5:$B$56,$A10)=0,"-",_xlfn.MAXIFS(WBS!$J$5:$J$56,WBS!$B$5:$B$56,$A10)) -> 46270 | H10: =SUMIFS(WBS!$L$5:$L$56,WBS!$B$5:$B$56,$A10) -> 0.076923077 | I10: =IFERROR(SUMIFS(WBS!$N$5:$N$56,WBS!$B$5:$B$56,$A10)/$H10,0) -> 1 | J10: - | K10: Aktual | L10: Tersebar 20 Agu sampai 5 Sep, tidak tercatat kontinu
A11: 6 Fondasi HDL | B11: =COUNTIFS(WBS!$B$5:$B$56,$A11) -> 3 | C11: =COUNTIFS(WBS!$B$5:$B$56,$A11,WBS!$E$5:$E$56,"Selesai") -> 3 | D11: =_xlfn.MINIFS(WBS!$F$5:$F$56,WBS!$B$5:$B$56,$A11) -> 46272 | E11: =_xlfn.MAXIFS(WBS!$G$5:$G$56,WBS!$B$5:$B$56,$A11) -> 46276 | F11: =IF(_xlfn.MINIFS(WBS!$I$5:$I$56,WBS!$B$5:$B$56,$A11)=0,"-",_xlfn.MINIFS(WBS!$I$5:$I$56,WBS!$B$5:$B$56,$A11)) -> 46270 | G11: =IF(_xlfn.MAXIFS(WBS!$J$5:$J$56,WBS!$B$5:$B$56,$A11)=0,"-",_xlfn.MAXIFS(WBS!$J$5:$J$56,WBS!$B$5:$B$56,$A11)) -> 46270 | H11: =SUMIFS(WBS!$L$5:$L$56,WBS!$B$5:$B$56,$A11) -> 0.057692308 | I11: =IFERROR(SUMIFS(WBS!$N$5:$N$56,WBS!$B$5:$B$56,$A11)/$H11,0) -> 1 | J11: - | K11: Aktual | L11: Satu commit bf5e1d8; rentangnya tidak terukur terpisah
A12: 7 Uji Loop | B12: =COUNTIFS(WBS!$B$5:$B$56,$A12) -> 7 | C12: =COUNTIFS(WBS!$B$5:$B$56,$A12,WBS!$E$5:$E$56,"Selesai") -> 6 | D12: =_xlfn.MINIFS(WBS!$F$5:$F$56,WBS!$B$5:$B$56,$A12) -> 46279 | E12: =_xlfn.MAXIFS(WBS!$G$5:$G$56,WBS!$B$5:$B$56,$A12) -> 46283 | F12: =IF(_xlfn.MINIFS(WBS!$I$5:$I$56,WBS!$B$5:$B$56,$A12)=0,"-",_xlfn.MINIFS(WBS!$I$5:$I$56,WBS!$B$5:$B$56,$A12)) -> 46270 | G12: =IF(_xlfn.MAXIFS(WBS!$J$5:$J$56,WBS!$B$5:$B$56,$A12)=0,"-",_xlfn.MAXIFS(WBS!$J$5:$J$56,WBS!$B$5:$B$56,$A12)) -> 46270 | H12: =SUMIFS(WBS!$L$5:$L$56,WBS!$B$5:$B$56,$A12) -> 0.13461538 | I12: =IFERROR(SUMIFS(WBS!$N$5:$N$56,WBS!$B$5:$B$56,$A12)/$H12,0) -> 0.85714286 | J12: 7.32 | K12: Aktual | L12: Elapsed 11:26-18:45 WIB. BERIRISAN dengan paket 9, jangan dijumlahkan
A13: 8 Perluasan | B13: =COUNTIFS(WBS!$B$5:$B$56,$A13) -> 4 | C13: =COUNTIFS(WBS!$B$5:$B$56,$A13,WBS!$E$5:$E$56,"Selesai") -> 0 | D13: =_xlfn.MINIFS(WBS!$F$5:$F$56,WBS!$B$5:$B$56,$A13) -> 46286 | E13: =_xlfn.MAXIFS(WBS!$G$5:$G$56,WBS!$B$5:$B$56,$A13) -> 46290 | F13: =IF(_xlfn.MINIFS(WBS!$I$5:$I$56,WBS!$B$5:$B$56,$A13)=0,"-",_xlfn.MINIFS(WBS!$I$5:$I$56,WBS!$B$5:$B$56,$A13)) -> - | G13: =IF(_xlfn.MAXIFS(WBS!$J$5:$J$56,WBS!$B$5:$B$56,$A13)=0,"-",_xlfn.MAXIFS(WBS!$J$5:$J$56,WBS!$B$5:$B$56,$A13)) -> - | H13: =SUMIFS(WBS!$L$5:$L$56,WBS!$B$5:$B$56,$A13) -> 0.076923077 | I13: =IFERROR(SUMIFS(WBS!$N$5:$N$56,WBS!$B$5:$B$56,$A13)/$H13,0) -> 0 | J13: 4.42 | K13: Estimasi | L13: di luar cakupan yang disepakati
A14: 9 Pengerasan | B14: =COUNTIFS(WBS!$B$5:$B$56,$A14) -> 10 | C14: =COUNTIFS(WBS!$B$5:$B$56,$A14,WBS!$E$5:$E$56,"Selesai") -> 9 | D14: =_xlfn.MINIFS(WBS!$F$5:$F$56,WBS!$B$5:$B$56,$A14) -> 46270 | E14: =_xlfn.MAXIFS(WBS!$G$5:$G$56,WBS!$B$5:$B$56,$A14) -> 46272 | F14: =IF(_xlfn.MINIFS(WBS!$I$5:$I$56,WBS!$B$5:$B$56,$A14)=0,"-",_xlfn.MINIFS(WBS!$I$5:$I$56,WBS!$B$5:$B$56,$A14)) -> 46270 | G14: =IF(_xlfn.MAXIFS(WBS!$J$5:$J$56,WBS!$B$5:$B$56,$A14)=0,"-",_xlfn.MAXIFS(WBS!$J$5:$J$56,WBS!$B$5:$B$56,$A14)) -> 46270 | H14: =SUMIFS(WBS!$L$5:$L$56,WBS!$B$5:$B$56,$A14) -> 0.19230769 | I14: =IFERROR(SUMIFS(WBS!$N$5:$N$56,WBS!$B$5:$B$56,$A14)/$H14,0) -> 0.9 | J14: 2.82 | K14: Aktual | L14: Elapsed 16:10-18:59 WIB, commit pertama ke terakhir. BERIRISAN dengan paket 7
A15: TOTAL | B15: =SUM(B5:B14) -> 52 | C15: =SUM(C5:C14) -> 46 | H15: =SUM(H5:H14) -> 1 | I15: =SUM(WBS!$N$5:$N$56) -> 0.88461538 | J15: =SUM(J5:J14) -> 14.95
A17: Rekapitulasi per Bulan (berdasarkan Rencana Selesai)
A18: Bulan | B18: Jml Tugas | C18: Selesai | D18: Bobot (%) | E18: Realisasi (%) | F18: Fokus Bulan
A19: Jul 2026 | B19: =COUNTIFS(WBS!$K$5:$K$56,$A19) -> 16 | C19: =COUNTIFS(WBS!$K$5:$K$56,$A19,WBS!$E$5:$E$56,"Selesai") -> 16 | D19: =SUMIFS(WBS!$L$5:$L$56,WBS!$K$5:$K$56,$A19) -> 0.30769231 | E19: =IFERROR(SUMIFS(WBS!$N$5:$N$56,WBS!$K$5:$K$56,$A19)/$D19,0) -> 1 | F19: Prasyarat OCR/Quality Gate di LPMS-3, analisis sumber, dan mayoritas adaptasi workflow
A20: Agu 2026 | B20: =COUNTIFS(WBS!$K$5:$K$56,$A20) -> 10 | C20: =COUNTIFS(WBS!$K$5:$K$56,$A20,WBS!$E$5:$E$56,"Selesai") -> 10 | D20: =SUMIFS(WBS!$L$5:$L$56,WBS!$K$5:$K$56,$A20) -> 0.19230769 | E20: =IFERROR(SUMIFS(WBS!$N$5:$N$56,WBS!$K$5:$K$56,$A20)/$D20,0) -> 1 | F20: Sisa adaptasi, validasi, deployment ke ac-sm_IaC, dan pembuatan GitHub App OCR
A21: Sep 2026 | B21: =COUNTIFS(WBS!$K$5:$K$56,$A21) -> 26 | C21: =COUNTIFS(WBS!$K$5:$K$56,$A21,WBS!$E$5:$E$56,"Selesai") -> 20 | D21: =SUMIFS(WBS!$L$5:$L$56,WBS!$K$5:$K$56,$A21) -> 0.5 | E21: =IFERROR(SUMIFS(WBS!$N$5:$N$56,WBS!$K$5:$K$56,$A21)/$D21,0) -> 0.76923077 | F21: Kredensial, fondasi HDL, siklus agentic penuh pertama, dan sembilan commit pengerasan loop di luar rencana awal

Sheet Panduan
A1: Panduan Pembacaan dan Pengisian
A4: RENCANA vs AKTUAL - BACA INI DULU
A5: Kolom Rencana | B5: Distribusi jadwal sepanjang Juli-September 2026, disusun mengikuti urutan logis pekerjaan. Ini baseline pelaporan triwulan, bukan catatan waktu sebenarnya.
A6: Kolom Aktual | B6: Tanggal yang benar-benar tercatat. Paket 1 sampai 4 seluruhnya dieksekusi pada 18 Agustus 2026 dalam satu sesi 24 menit - itulah sebabnya blok A di sheet Jadwal menumpuk di W08.
A7: Kenapa dipisah | B7: Menimpa kolom Aktual dengan tanggal rencana akan membuat dokumen ini bertentangan dengan bukti commit dan timestamp server GitHub. Keduanya disimpan berdampingan.
A8: Varians | B8: Sengaja tidak dihitung. Baseline di sini disusun setelah pekerjaan selesai, jadi selisih rencana-aktual tidak bermakna sebagai ukuran kinerja.
A10: SEL YANG BOLEH DIEDIT
A11: Teks biru | B11: Sel isian: Rencana Mulai, Rencana Selesai, Aktual Mulai, Aktual Selesai, Bobot, Realisasi di sheet WBS, dan Waktu Jalan di sheet Rekap.
A12: Teks hitam | B12: Rumus. Jangan ditimpa - akan menghitung ulang sendiri saat sel biru diubah.
A13: Format tanggal | B13: dd-mmm-yy, contoh 18-Agu-26. Isi sebagai tanggal, bukan teks.
A14: Format persen | B14: Simpan sebagai pecahan: ketik 100% atau 1, bukan angka 100.
A16: KOSAKATA STATUS
A17: Selesai | B17: Sudah dikerjakan dan terbukti dari berkas, commit, atau timestamp server.
A18: Menunggu | B18: Belum dikerjakan; menunggu tindakan pemilik akun.
A19: Terblokir | B19: Tidak dapat dimulai sebelum paket prasyaratnya tuntas.
A20: Belum teruji | B20: Workflow-nya sudah terpasang dan aktif, tetapi jalurnya belum pernah benar-benar dieksekusi.
A21: Opsional | B21: Di luar cakupan yang disepakati; dicatat untuk fase berikutnya.
A23: SUMBER ANGKA WAKTU
A24: Paket 0 (Juli) | B24: Tanggal pembuatan secret di repo LPMS-3 dan commit pertama tiap workflow sumber. Di paket ini rencana dan aktual berimpit karena pekerjaannya memang terjadi di Juli.
A25: Paket 1-4 | B25: mtime berkas, commit git 2026-08-18T13:43:05+07:00, dan timestamp server GitHub pushed_at 2026-08-18T06:43:11Z.
A26: Paket 5 sampai 7 | B26: Aktual. Bukti: timestamp secret, waktu commit, dan waktu run GitHub Actions.
A27: Paket 8 | B27: Estimasi; belum dikerjakan.
A28: Paket 9 | B28: Aktual, dari commit pertama ke terakhir. Paket ini TIDAK ada di rencana awal - lahir dari cacat yang terungkap saat siklus penuh pertama dijalankan.
A29: Rentang beririsan | B29: Waktu jalan paket 7 dan paket 9 saling tumpang tindih karena dikerjakan berselang-seling. Jangan dijumlahkan.
A31: ASUMSI YANG DIPAKAI
A32: Periode | B32: Triwulan III 2026 sebagai jendela pelaporan. Juli memuat pekerjaan prasyarat di repo LPMS-3, bukan di ac-sm_IaC.
A33: Di luar jendela | B33: agent-trigger.yml dan agent-fix.yml lahir 13 Apr 2026, ac-verify.yml 18 Apr 2026 di LPMS-3. Ketiganya mendahului triwulan ini sehingga tidak dimasukkan.
A34: Bobot | B34: Dibagi rata 1/42 per tugas. Ubah kolom Bobot bila ingin bobot berbasis effort.
A35: Realisasi | B35: Diperbarui 5 September 2026 pukul 19:00 WIB. Paket 5, 6, dan 7 selesai lebih awal dari baseline; paket 9 adalah penambahan cakupan di tengah triwulan.
A36: Waktu jalan | B36: Angka paket 1-4 adalah waktu jalan sesi agent, bukan jam-orang. Menulis 2.256 baris workflow secara manual bukan pekerjaan 24 menit.
